[
	{
		"title": "باسم يوسف",
		"id": "bassemyoussef",
		"level": "المتقدم"
	},
	{
		"title": "مشروع ليلى",
		"id": "mashrou3laila",
		"level": "المتقدم"
	},
	{
		"title": "المسخن",
		"id": "musakhan",
		"level": "المتقدم"
	},
	{
		"title": "ثورة ٢٥ يناير",
		"id": "egyptrevolution",
		"level": "المتقدم"
	},
	{
		"title": "مكتبة في فلسطين",
		"id": "bookshop",
		"level": "المتقدم"
	},
	{
		"title": "الأرض",
		"id": "theland",
		"level": "المتقدم"
	}
]