[
	{
		"id": "mashrou3laila",
		"imageUrl": "images/ignore/mashrou3.jpeg",
		"name": "مشروع ليلى"
	},
	{
		"id": "bassemyoussef",
		"imageUrl": "images/ignore/bassemyoussef.jpeg",
		"name": "باسم يوسف"
	},
	{
		"id": "tabbouleh",
		"imageUrl": "images/ignore/tabbouleh.jpeg",
		"name": "الكوفية"
	},
	{
		"id": "bookshop",
		"imageUrl": "images/ignore/bookshop.jpeg",
		"name": "المكتبة"
	},
	{
		"id": "musakhan",
		"imageUrl": "images/ignore/musakhan.jpeg",
		"name": "المسخّن"
	},
	{
		"id": "egyptrevolution",
		"imageUrl": "images/ignore/revolution.jpeg",
		"name": "ثورة ٢٥ يناير"
	},
	{
		"id": "kufiyyeh",
		"imageUrl": "images/ignore/kufiyyeh0.jpeg",
		"name": "الكوفية"
	}
]